Number_of_Segments_N,Measured_Delay_s,Measured_Delay_ps,Theoretical_RC_over_2_ps,Absolute_Error_vs_50ps_ps,Relative_Error_vs_50ps_percent
1,4.92645e-11,49.2645,50.0,0.7355000000000018,1.4710000000000036
2,4.9958e-11,49.958,50.0,0.04200000000000159,0.08400000000000318
3,4.9789700000000005e-11,49.7897,50.0,0.2102999999999966,0.4205999999999932
4,4.97091e-11,49.7091,50.0,0.2909000000000006,0.5818000000000012
5,4.9668599999999995e-11,49.6686,50.0,0.33140000000000214,0.6628000000000043
6,4.96457e-11,49.6457,50.0,0.35430000000000206,0.7086000000000041
7,4.96317e-11,49.6317,50.0,0.36829999999999785,0.7365999999999957
8,4.96225e-11,49.6225,50.0,0.3774999999999977,0.7549999999999955
9,4.96161e-11,49.6161,50.0,0.383899999999997,0.767799999999994
10,4.96115e-11,49.6115,50.0,0.3885000000000005,0.777000000000001
